{"loss": 0.04515857249498367, "_step": 394, "_runtime": 290, "_timestamp": 1618851888, "val_loss": 0.04719331115484238, "val_rowwise_micro_f1_30": 0.0, "val_rowwise_micro_f1_50": 0.0, "val_rowwise_micro_f1_70": 0.0, "val_mAP": 0.004329704834567908, "epoch": 0, "trainer/global_step": 392, "validation_rowwise_micro_f1_30_on_all": 0.0, "validation_rowwise_micro_f1_50_on_all": 0.0, "validation_rowwise_micro_f1_70_on_all": 0.0, "validation_mAP_on_all": 0.0036159837368907053}