{"loss": 1.4955183267593384, "_step": 843, "_runtime": 285, "_timestamp": 1618766297, "val_rowwise_micro_f1_70": 0.0, "val_loss": 0.49559229612350464, "val_rowwise_micro_f1_30": 0.005033326800912619, "val_rowwise_micro_f1_50": 0.0056681944988667965}