{"loss": 0.007427031174302101, "_step": 31520, "_runtime": 8495, "_timestamp": 1618831097, "val_rowwise_micro_f1_30": 0.3998512923717499, "val_rowwise_micro_f1_70": 0.762487530708313, "val_rowwise_micro_f1_50": 0.7686912417411804, "val_loss": 0.4021454453468323, "epoch": 39, "trainer/global_step": 31439, "validation_rowwise_micro_f1_30_on_all": 0.0, "validation_rowwise_micro_f1_50_on_all": 0.0, "validation_rowwise_micro_f1_70_on_all": 0.0}