{"loss": 0.08173887431621552, "_step": 2111, "_runtime": 1010, "_timestamp": 1618814218, "val_rowwise_micro_f1_70": 0.0, "val_rowwise_micro_f1_30": 0.0, "val_loss": 0.06070605665445328, "val_rowwise_micro_f1_50": 0.0}