{"loss": 0.019253870472311974, "_step": 3676, "_runtime": 984, "_timestamp": 1618840708, "val_rowwise_micro_f1_50": 0.03615186735987663, "val_loss": 0.02027757465839386, "val_rowwise_micro_f1_30": 0.23981398344039917, "val_rowwise_micro_f1_70": 0.001499154488556087}