{"loss": 0.18057924509048462, "_step": 1597, "_runtime": 491, "_timestamp": 1618814720, "val_rowwise_micro_f1_30": 0.0, "val_rowwise_micro_f1_70": 0.0, "val_rowwise_micro_f1_50": 0.0, "val_loss": 0.060357917100191116}