{"loss": 0.010865564458072186, "_step": 15760, "_runtime": 4297, "_timestamp": 1618821926, "val_rowwise_micro_f1_50": 0.27324041724205017, "val_loss": 0.31462809443473816, "val_rowwise_micro_f1_30": 0.5782052278518677, "val_rowwise_micro_f1_70": 0.2742345929145813, "epoch": 19, "trainer/global_step": 15719, "validation_rowwise_micro_f1_30_on_all": 0.0012709508882835507, "validation_rowwise_micro_f1_50_on_all": 0.0, "validation_rowwise_micro_f1_70_on_all": 0.0}